parte,variante,termino,est,ic_inf,ic_sup,p
1_presencia_logit,principal,Intercept,7.62845231360137e-09,3.3238262216720647e-11,1.7507920336345294e-06,1.5914898366580876e-11
1_presencia_logit,principal,C(cuartil)[T.2],0.7569225417831476,0.31704032558623346,1.8071257440203012,0.5305059829240506
1_presencia_logit,principal,C(cuartil)[T.3],0.8942346240051127,0.3122930997334006,2.5605931205403447,0.8350231844281092
1_presencia_logit,principal,C(cuartil)[T.4],1.3737047156665385,0.3660066347175493,5.155820870025349,0.6379869018231625
1_presencia_logit,principal,C(cod_reg)[T.2],0.4321353397494763,0.006370637470753599,29.312757587869037,0.6965721942207534
1_presencia_logit,principal,C(cod_reg)[T.3],0.15371283516238507,0.003995352566413846,5.913779898244695,0.31461198376837385
1_presencia_logit,principal,C(cod_reg)[T.4],0.028872809972019468,0.0010901396458481915,0.7647085938533383,0.03396983147206995
1_presencia_logit,principal,C(cod_reg)[T.5],0.005781768812852549,0.00025147924193832266,0.13292886660392061,0.0012751511538071458
1_presencia_logit,principal,C(cod_reg)[T.6],0.02067677692394687,0.000981593754971666,0.4355458679288384,0.012613610882813665
1_presencia_logit,principal,C(cod_reg)[T.7],0.0013595257123486357,5.158740126130934e-05,0.035828712386086085,7.675569059209118e-05
1_presencia_logit,principal,C(cod_reg)[T.8],0.001675464745773849,6.452595454311378e-05,0.0435046972060735,0.0001197819014196517
1_presencia_logit,principal,C(cod_reg)[T.9],0.0020660555635429035,8.277082978755079e-05,0.0515711344516278,0.00016582383793552693
1_presencia_logit,principal,C(cod_reg)[T.10],0.006293415245546753,0.00028530466003166843,0.1388237943554233,0.00132316429014198
1_presencia_logit,principal,C(cod_reg)[T.11],0.007350306936326593,8.618608703363913e-05,0.6268646589921596,0.030322916718233568
1_presencia_logit,principal,C(cod_reg)[T.12],0.0064368022907824625,5.453833973399122e-05,0.7596935281254902,0.03818407842246806
1_presencia_logit,principal,C(cod_reg)[T.13],0.007627860360828164,0.00023643913120739783,0.2460855501674806,0.005941046976431241
1_presencia_logit,principal,C(cod_reg)[T.14],0.0020191586497403397,6.897495319872093e-05,0.0591084366679474,0.0003161834178908558
1_presencia_logit,principal,C(cod_reg)[T.15],0.0036353707818808237,7.409926180388124e-16,17835428316.049103,0.7063592656861739
1_presencia_logit,principal,C(cod_reg)[T.16],0.0054634984347480325,0.000230261923794856,0.1296341776988186,0.0012619725148062038
1_presencia_logit,principal,log_pob,11.873204713328526,6.290800776213675,22.409387163816046,2.2640611608840066e-14
2_intensidad_nb,principal,Intercept,0.06366167769573987,0.012474395709056311,0.3248902232670042,0.0009266507909409074
2_intensidad_nb,principal,C(cuartil)[T.2],0.8685286469773877,0.5434446283485499,1.3880751989631561,0.5557180607085926
2_intensidad_nb,principal,C(cuartil)[T.3],0.9934613586287473,0.6206200138911886,1.5902894669805445,0.978197428616781
2_intensidad_nb,principal,C(cuartil)[T.4],0.6334813225265169,0.3854257318779389,1.04118265284123,0.07173853592696512
2_intensidad_nb,principal,"C(clasif, Treatment(reference=""Rural""))[T.Mixta]",1.7415438381655883,1.1737831426159882,2.583931247720082,0.0058521667362781095
2_intensidad_nb,principal,"C(clasif, Treatment(reference=""Rural""))[T.Urbana]",3.9892543345074176,2.223496347465494,7.157263902648793,3.4948984873591076e-06
2_intensidad_nb,principal,C(cod_reg)[T.2],0.19449256017071073,0.06973362154578149,0.5424550614644779,0.0017556617889168708
2_intensidad_nb,principal,C(cod_reg)[T.3],0.14028868828721713,0.05176340637547251,0.3802090596316233,0.00011293177775826424
2_intensidad_nb,principal,C(cod_reg)[T.4],0.059368067475659834,0.021950625203601783,0.16056797485732516,2.652239356196368e-08
2_intensidad_nb,principal,C(cod_reg)[T.5],0.06635190168266898,0.026579734253361863,0.1656365264957351,6.1729513381092194e-09
2_intensidad_nb,principal,C(cod_reg)[T.6],0.036758386004420066,0.014810695710023487,0.0912299440961104,1.059434517304273e-12
2_intensidad_nb,principal,C(cod_reg)[T.7],0.05486628799608973,0.02002904094003922,0.1502972392678112,1.6429018662188703e-08
2_intensidad_nb,principal,C(cod_reg)[T.8],0.04906074645269871,0.01874536184574213,0.12840279437138266,8.181044757266694e-10
2_intensidad_nb,principal,C(cod_reg)[T.9],0.031069012610432913,0.011502278771988316,0.0839210702263633,7.516465003805328e-12
2_intensidad_nb,principal,C(cod_reg)[T.10],0.052096821904453486,0.01942612950068065,0.13971279520448215,4.348799893576914e-09
2_intensidad_nb,principal,C(cod_reg)[T.11],0.29284522482602476,0.06160736782362448,1.39201411670309,0.12256201886454879
2_intensidad_nb,principal,C(cod_reg)[T.12],0.16949166082936087,0.03514072758749186,0.8174965364382627,0.02703765132559856
2_intensidad_nb,principal,C(cod_reg)[T.13],0.0503912236810923,0.019973971747665808,0.1271292187731577,2.476604880437e-10
2_intensidad_nb,principal,C(cod_reg)[T.14],0.03531069643025245,0.010850762993040748,0.11490853529739063,2.794355063405121e-08
2_intensidad_nb,principal,C(cod_reg)[T.15],0.3868926389161906,0.041078886042362116,3.6438649746532086,0.40659031608161833
2_intensidad_nb,principal,C(cod_reg)[T.16],0.019634118250484122,0.00702635251456478,0.05486468244724439,6.544688285512008e-14
2_intensidad_nb,principal,log_pob,0.8289284047644714,0.6662322788091932,1.031355462772708,0.09237191275515816
2_intensidad_nb,principal,alpha,1.8209604388461642,1.6056517623068598,2.065140771918579,1.0047259115006499e-20
1_presencia_logit,a_sin_bajo_umbral,Intercept,8.384825175170359e-05,0.0,inf,0.9974079389427308
1_presencia_logit,a_sin_bajo_umbral,C(cuartil)[T.2],0.6645119587263186,0.2573229565537497,1.7160386667563106,0.3984800547949213
1_presencia_logit,a_sin_bajo_umbral,C(cuartil)[T.3],0.5512663247024114,0.17738711442060484,1.7131715668497556,0.3032868806598572
1_presencia_logit,a_sin_bajo_umbral,C(cuartil)[T.4],1.1570213748959317,0.27450899555389335,4.876701615059643,0.8424948099006682
1_presencia_logit,a_sin_bajo_umbral,C(cod_reg)[T.2],6.926884806673048,0.0,inf,0.9998541881234995
1_presencia_logit,a_sin_bajo_umbral,C(cod_reg)[T.3],0.09079785918868942,0.0,inf,0.9993619694628245
1_presencia_logit,a_sin_bajo_umbral,C(cod_reg)[T.4],2.1537651142042984e-08,0.0,inf,0.995125054555647
1_presencia_logit,a_sin_bajo_umbral,C(cod_reg)[T.5],5.314446739137797e-09,0.0,inf,0.9947386273660465
1_presencia_logit,a_sin_bajo_umbral,C(cod_reg)[T.6],2.7317565739830906e-08,0.0,inf,0.9951907011839984
1_presencia_logit,a_sin_bajo_umbral,C(cod_reg)[T.7],1.1894113617707526e-09,0.0,inf,0.9943252511618975
1_presencia_logit,a_sin_bajo_umbral,C(cod_reg)[T.8],1.3845825172123549e-09,0.0,inf,0.9943672081170367
1_presencia_logit,a_sin_bajo_umbral,C(cod_reg)[T.9],1.770130112242558e-09,0.0,inf,0.9944350435161708
1_presencia_logit,a_sin_bajo_umbral,C(cod_reg)[T.10],5.697529610698752e-09,0.0,inf,0.9947578479128747
1_presencia_logit,a_sin_bajo_umbral,C(cod_reg)[T.11],2.6662983605876853,0.0,inf,0.9999817347521405
1_presencia_logit,a_sin_bajo_umbral,C(cod_reg)[T.12],7.865350371092134e-09,0.0,inf,0.9948468871351284
1_presencia_logit,a_sin_bajo_umbral,C(cod_reg)[T.13],7.867215596350462e-09,0.0,inf,0.9948469514559788
1_presencia_logit,a_sin_bajo_umbral,C(cod_reg)[T.14],1.891958692289654e-09,0.0,inf,0.9944534234588166
1_presencia_logit,a_sin_bajo_umbral,C(cod_reg)[T.15],0.02116842960854147,0.0,inf,0.9999675449381953
1_presencia_logit,a_sin_bajo_umbral,C(cod_reg)[T.16],4.133997978732136e-09,0.0,inf,0.9946692648959867
1_presencia_logit,a_sin_bajo_umbral,log_pob,19.10919274440201,8.193057059966014,44.56959650958675,8.631028919415019e-12
2_intensidad_nb,a_sin_bajo_umbral,Intercept,2.7586094183239502e-05,2.65728279551632e-06,0.0002863799794175451,1.4539501395801492e-18
2_intensidad_nb,a_sin_bajo_umbral,C(cuartil)[T.2],1.1320995949191512,0.7626937891745657,1.6804247143577589,0.5380994707140206
2_intensidad_nb,a_sin_bajo_umbral,C(cuartil)[T.3],1.172794247660154,0.7875154209898746,1.7465643347223188,0.43280442444569067
2_intensidad_nb,a_sin_bajo_umbral,C(cuartil)[T.4],0.6919336257193481,0.4552954517319521,1.0515636397856933,0.08461400688872654
2_intensidad_nb,a_sin_bajo_umbral,"C(clasif, Treatment(reference=""Rural""))[T.Mixta]",1.4284093760900982,1.0062090820345564,2.027762800129478,0.04608762171079413
2_intensidad_nb,a_sin_bajo_umbral,"C(clasif, Treatment(reference=""Rural""))[T.Urbana]",1.4410754518116689,0.8500093887745915,2.4431476701781607,0.17490546573821408
2_intensidad_nb,a_sin_bajo_umbral,C(cod_reg)[T.2],0.7542569634399938,0.3033643103360501,1.8753147536291281,0.5439248760750393
2_intensidad_nb,a_sin_bajo_umbral,C(cod_reg)[T.3],0.7598584919250019,0.31368397311128754,1.8406580419895917,0.5429434088657543
2_intensidad_nb,a_sin_bajo_umbral,C(cod_reg)[T.4],0.21648872242427103,0.09217636265677892,0.5084532041192049,0.0004437645486232976
2_intensidad_nb,a_sin_bajo_umbral,C(cod_reg)[T.5],0.2864963903811419,0.12975297137825068,0.6325880696955044,0.0019808745595903832
2_intensidad_nb,a_sin_bajo_umbral,C(cod_reg)[T.6],0.16541781103321998,0.07516848233549381,0.364022943617441,7.78278523074293e-06
2_intensidad_nb,a_sin_bajo_umbral,C(cod_reg)[T.7],0.18415736792874016,0.07992078723110217,0.4243443706876219,7.107687724882868e-05
2_intensidad_nb,a_sin_bajo_umbral,C(cod_reg)[T.8],0.18054106730841135,0.0802232000309643,0.4063048715618346,3.5310374849772186e-05
2_intensidad_nb,a_sin_bajo_umbral,C(cod_reg)[T.9],0.11930086960255339,0.05105106080058723,0.2787933740205793,9.141897847237303e-07
2_intensidad_nb,a_sin_bajo_umbral,C(cod_reg)[T.10],0.19603813282393126,0.0846382297332855,0.4540613578780897,0.00014334804736674907
2_intensidad_nb,a_sin_bajo_umbral,C(cod_reg)[T.11],1.0380726407863488,0.30707333323182723,3.5092425519594244,0.952055274739336
2_intensidad_nb,a_sin_bajo_umbral,C(cod_reg)[T.12],0.5348067887664182,0.15533398564523962,1.841311803869327,0.32111641747436936
2_intensidad_nb,a_sin_bajo_umbral,C(cod_reg)[T.13],0.18061567148842972,0.08475001625606098,0.3849205254268417,9.295782516813112e-06
2_intensidad_nb,a_sin_bajo_umbral,C(cod_reg)[T.14],0.1151159110112602,0.04329277255731609,0.30609434751281517,1.4735993358686373e-05
2_intensidad_nb,a_sin_bajo_umbral,C(cod_reg)[T.15],0.47389805277642433,0.10816434754482439,2.0762790098855697,0.3218229814213248
2_intensidad_nb,a_sin_bajo_umbral,C(cod_reg)[T.16],0.07839261041125047,0.03116416194236741,0.19719450112134973,6.31755847931313e-08
2_intensidad_nb,a_sin_bajo_umbral,log_pob,1.533022579113359,1.2191703307724309,1.9276701284080484,0.0002566398828931096
2_intensidad_nb,a_sin_bajo_umbral,alpha,1.5760966614216447,1.4256275163054244,1.7424472084980918,6.293121813751399e-19
1_presencia_logit,b_sin_colchane,Intercept,4.2463391204598457e-10,9.070864192359638e-13,1.9878366100040928e-07,6.038421846297172e-12
1_presencia_logit,b_sin_colchane,C(cuartil)[T.2],0.7892443098554417,0.32601231735180897,1.9106841903982315,0.5998119124520314
1_presencia_logit,b_sin_colchane,C(cuartil)[T.3],0.8881724335938432,0.30526989731933074,2.5841076330262096,0.8277110799373795
1_presencia_logit,b_sin_colchane,C(cuartil)[T.4],1.3936567286526464,0.36322493700439196,5.347317541954204,0.6285149240217385
1_presencia_logit,b_sin_colchane,C(cod_reg)[T.2],2.8880659547126317,0.03555124215161069,234.61697690335947,0.6364147415905709
1_presencia_logit,b_sin_colchane,C(cod_reg)[T.3],0.9166151387554244,0.022485638939332715,37.365329704994345,0.9632908940261076
1_presencia_logit,b_sin_colchane,C(cod_reg)[T.4],0.16923679831333593,0.006092199098052878,4.701273455180202,0.2949249254871481
1_presencia_logit,b_sin_colchane,C(cod_reg)[T.5],0.03169511908359762,0.0013827938237124496,0.7264861590330155,0.030778735430116347
1_presencia_logit,b_sin_colchane,C(cod_reg)[T.6],0.11846034038478621,0.0054979932216619445,2.552358956862726,0.17326527275569226
1_presencia_logit,b_sin_colchane,C(cod_reg)[T.7],0.007074935605251987,0.00027531803692695567,0.1818068818780016,0.002796896383620092
1_presencia_logit,b_sin_colchane,C(cod_reg)[T.8],0.008710495573753795,0.00034550456660250385,0.2195997983079468,0.003968971752510334
1_presencia_logit,b_sin_colchane,C(cod_reg)[T.9],0.011160355993289644,0.0004552590564042438,0.2735882881292088,0.005886923902414167
1_presencia_logit,b_sin_colchane,C(cod_reg)[T.10],0.03526173592839603,0.0015772213684437588,0.788342109459743,0.03485994123671607
1_presencia_logit,b_sin_colchane,C(cod_reg)[T.11],0.04337596822612992,0.00043806928047201673,4.294924806247441,0.18078418441217659
1_presencia_logit,b_sin_colchane,C(cod_reg)[T.12],0.03667136658010748,0.0002820305135892644,4.76823982532298,0.18317470240108402
1_presencia_logit,b_sin_colchane,C(cod_reg)[T.13],0.04123232048858224,0.0012861244566716521,1.3218815986695718,0.07150847455816452
1_presencia_logit,b_sin_colchane,C(cod_reg)[T.14],0.010682702227852149,0.0003710645622840022,0.30754789998408155,0.008102393405663473
1_presencia_logit,b_sin_colchane,C(cod_reg)[T.15],0.019466319165312017,2.6457240880650804e-17,14322641712912.896,0.821564564718203
1_presencia_logit,b_sin_colchane,C(cod_reg)[T.16],0.030648052358285435,0.0012823353781792812,0.7324941113999922,0.03138156820114448
1_presencia_logit,b_sin_colchane,log_pob,13.388844137148054,6.862569267411712,26.12157930122489,2.7758755744551364e-14
2_intensidad_nb,b_sin_colchane,Intercept,9.276087675722224e-05,1.0681159290086597e-05,0.0008055848642529533,3.779435578853005e-17
2_intensidad_nb,b_sin_colchane,C(cuartil)[T.2],1.1246797757888738,0.7574594350966847,1.6699304800488157,0.5601621197048021
2_intensidad_nb,b_sin_colchane,C(cuartil)[T.3],1.2566547484542125,0.8463482261228319,1.8658763710616335,0.2573092873498507
2_intensidad_nb,b_sin_colchane,C(cuartil)[T.4],0.7582406788230877,0.5002429362090389,1.1492994411456285,0.19216310810982695
2_intensidad_nb,b_sin_colchane,"C(clasif, Treatment(reference=""Rural""))[T.Mixta]",1.448650654631767,1.021052865403292,2.0553183779922635,0.03782913571509341
2_intensidad_nb,b_sin_colchane,"C(clasif, Treatment(reference=""Rural""))[T.Urbana]",1.683291262836499,0.9998774386100184,2.833816792066685,0.050053934947746556
2_intensidad_nb,b_sin_colchane,C(cod_reg)[T.2],0.9585398116159809,0.3842185248958235,2.3913437560094795,0.9276656383485968
2_intensidad_nb,b_sin_colchane,C(cod_reg)[T.3],0.7105899646596915,0.2920792970851801,1.7287705870087904,0.45133443990937483
2_intensidad_nb,b_sin_colchane,C(cod_reg)[T.4],0.25370769528542814,0.10763275043629282,0.5980298225784211,0.0017178417522157735
2_intensidad_nb,b_sin_colchane,C(cod_reg)[T.5],0.2943132927560577,0.13292528845787396,0.6516466151612995,0.0025617370217793393
2_intensidad_nb,b_sin_colchane,C(cod_reg)[T.6],0.16328700949577557,0.07380371415211948,0.36126430460014736,7.716362814627853e-06
2_intensidad_nb,b_sin_colchane,C(cod_reg)[T.7],0.19320489312590833,0.08349000980212103,0.44709697383273456,0.00012283406269255134
2_intensidad_nb,b_sin_colchane,C(cod_reg)[T.8],0.18909219082158377,0.08366207778733607,0.42738427702686826,6.25058683007207e-05
2_intensidad_nb,b_sin_colchane,C(cod_reg)[T.9],0.12428483038746206,0.052920638272815235,0.2918845949062377,1.694713695399756e-06
2_intensidad_nb,b_sin_colchane,C(cod_reg)[T.10],0.19843173687618654,0.08564180212123963,0.45976559605738243,0.00016166249897683457
2_intensidad_nb,b_sin_colchane,C(cod_reg)[T.11],0.9784549158463333,0.2858955240658681,3.3486848927487354,0.9723215249259755
2_intensidad_nb,b_sin_colchane,C(cod_reg)[T.12],0.5161603221592868,0.1486437445527709,1.7923490757930607,0.297765963094239
2_intensidad_nb,b_sin_colchane,C(cod_reg)[T.13],0.1879362252842225,0.08792286769608901,0.4017160233691187,1.6101603205248043e-05
2_intensidad_nb,b_sin_colchane,C(cod_reg)[T.14],0.12032140224580105,0.044931579743552,0.32220633952834576,2.514523925731699e-05
2_intensidad_nb,b_sin_colchane,C(cod_reg)[T.15],0.5972348455729769,0.13210683958837954,2.7000075232891483,0.5031008790034228
2_intensidad_nb,b_sin_colchane,C(cod_reg)[T.16],0.0826578972409452,0.03289100726612922,0.20772632230483584,1.1425076346795249e-07
2_intensidad_nb,b_sin_colchane,log_pob,1.3536321589526084,1.0981690492765128,1.6685227315028177,0.004546476390466445
2_intensidad_nb,b_sin_colchane,alpha,1.5902729292456268,1.4361686382550036,1.7609129750697334,4.641566533640317e-19
1_presencia_logit,c_sin_corredor_norte,Intercept,1.486665387129892e-09,1.8905808331221493e-12,1.169044948816147e-06,2.2968757152660317e-09
1_presencia_logit,c_sin_corredor_norte,C(cuartil)[T.2],0.749143880015755,0.3070801738999616,1.8275896676673404,0.525590800348536
1_presencia_logit,c_sin_corredor_norte,C(cuartil)[T.3],0.8590971217595832,0.2946442701317552,2.5048777099434836,0.7808870242446645
1_presencia_logit,c_sin_corredor_norte,C(cuartil)[T.4],1.3491640546611736,0.35131824038920884,5.181181723935589,0.6626635152256379
1_presencia_logit,c_sin_corredor_norte,C(cod_reg)[T.2],0.8721614043221054,0.004016146394374568,189.40183959792267,0.9602626700767461
1_presencia_logit,c_sin_corredor_norte,C(cod_reg)[T.3],0.2805567174415548,0.002182354872311713,36.06749420097874,0.6079865718227078
1_presencia_logit,c_sin_corredor_norte,C(cod_reg)[T.4],0.050974832150197484,0.0005082919690964383,5.112088466319654,0.20551970304282907
1_presencia_logit,c_sin_corredor_norte,C(cod_reg)[T.5],0.009620361815182252,0.0001082954381636567,0.854619206721825,0.04250007923492986
1_presencia_logit,c_sin_corredor_norte,C(cod_reg)[T.6],0.035754446220009166,0.0004241667020599801,3.0138632247440182,0.14092933756095247
1_presencia_logit,c_sin_corredor_norte,C(cod_reg)[T.7],0.00214880708258715,2.189904427155234e-05,0.210848100077812,0.008659854224632767
1_presencia_logit,c_sin_corredor_norte,C(cod_reg)[T.8],0.002637311971834057,2.7122525984302705e-05,0.25644419847932753,0.011000410365949686
1_presencia_logit,c_sin_corredor_norte,C(cod_reg)[T.9],0.0033153754798570007,3.4037226845669134e-05,0.3229321419831123,0.01453392033927207
1_presencia_logit,c_sin_corredor_norte,C(cod_reg)[T.10],0.01068331637667179,0.0001233638647017558,0.9251756912771162,0.046137733823045986
1_presencia_logit,c_sin_corredor_norte,C(cod_reg)[T.11],0.013021609006218203,4.857581488971064e-05,3.490673321606794,0.12807088451516285
1_presencia_logit,c_sin_corredor_norte,C(cod_reg)[T.12],0.011097630304393412,3.285229127168925e-05,3.7488221857792596,0.1297372103529414
1_presencia_logit,c_sin_corredor_norte,C(cod_reg)[T.13],0.012441194947709127,0.00010840078678784776,1.4278801502597112,0.0698669834076051
1_presencia_logit,c_sin_corredor_norte,C(cod_reg)[T.14],0.0032455406340809487,3.074636729903142e-05,0.34259442440871396,0.0159272768511264
1_presencia_logit,c_sin_corredor_norte,C(cod_reg)[T.15],1.9051370889993424e-10,0.0,inf,0.999869325870946
1_presencia_logit,c_sin_corredor_norte,C(cod_reg)[T.16],0.009140994939746613,9.788650726778728e-05,0.8536190617148578,0.04252552687549249
1_presencia_logit,c_sin_corredor_norte,log_pob,13.352938180911964,6.854464777088272,26.01238227370358,2.583800650999964e-14
2_intensidad_nb,c_sin_corredor_norte,Intercept,8.392121761815518e-05,9.596333476900834e-06,0.0007339022537583015,2.1934095601416198e-17
2_intensidad_nb,c_sin_corredor_norte,C(cuartil)[T.2],1.131717160161894,0.7617880957706116,1.6812860921767012,0.5400787929385312
2_intensidad_nb,c_sin_corredor_norte,C(cuartil)[T.3],1.2687469444089716,0.8539611136148582,1.8850024705845045,0.2386352420537936
2_intensidad_nb,c_sin_corredor_norte,C(cuartil)[T.4],0.7656350803854364,0.5048268022002964,1.161184536482341,0.2088585206908693
2_intensidad_nb,c_sin_corredor_norte,"C(clasif, Treatment(reference=""Rural""))[T.Mixta]",1.44146121501979,1.0148992167138,2.0473071613299596,0.04109425722670013
2_intensidad_nb,c_sin_corredor_norte,"C(clasif, Treatment(reference=""Rural""))[T.Urbana]",1.6429171020683104,0.9745927498845909,2.7695430779555523,0.06240984542253325
2_intensidad_nb,c_sin_corredor_norte,C(cod_reg)[T.2],0.9529370275510651,0.380578774400134,2.386073631954867,0.9180115789096079
2_intensidad_nb,c_sin_corredor_norte,C(cod_reg)[T.3],0.7048828213434105,0.28876863337472286,1.72061551844619,0.44243511738924346
2_intensidad_nb,c_sin_corredor_norte,C(cod_reg)[T.4],0.2525493005456457,0.10673340750955874,0.597574374268739,0.0017382780787798702
2_intensidad_nb,c_sin_corredor_norte,C(cod_reg)[T.5],0.29341331102509544,0.13203591933914147,0.6520299288073196,0.0026152224869522523
2_intensidad_nb,c_sin_corredor_norte,C(cod_reg)[T.6],0.16254718378357405,0.07320003456804638,0.36095047101937666,8.064114532468581e-06
2_intensidad_nb,c_sin_corredor_norte,C(cod_reg)[T.7],0.19291930357746478,0.08303963749552791,0.44819388445449776,0.00013027600953635762
2_intensidad_nb,c_sin_corredor_norte,C(cod_reg)[T.8],0.18868875409952862,0.0831688158271978,0.4280864837321559,6.613001955567269e-05
2_intensidad_nb,c_sin_corredor_norte,C(cod_reg)[T.9],0.12402755892359928,0.05261656492957893,0.2923572717666955,1.8338252096803589e-06
2_intensidad_nb,c_sin_corredor_norte,C(cod_reg)[T.10],0.19796215540702763,0.08509965295576442,0.4605073418309587,0.00016981498473340095
2_intensidad_nb,c_sin_corredor_norte,C(cod_reg)[T.11],0.9806857161993767,0.284604298301606,3.3792338334197867,0.9753508069845209
2_intensidad_nb,c_sin_corredor_norte,C(cod_reg)[T.12],0.5168517832712342,0.14779203528170712,1.8075112462012317,0.30148798049324976
2_intensidad_nb,c_sin_corredor_norte,C(cod_reg)[T.13],0.1875516774898533,0.08741707573534861,0.40238856577347254,1.7290112341629318e-05
2_intensidad_nb,c_sin_corredor_norte,C(cod_reg)[T.14],0.12058507040155701,0.044786621127991685,0.3246674751862553,2.8378669732413386e-05
2_intensidad_nb,c_sin_corredor_norte,C(cod_reg)[T.16],0.08228364673400942,0.03261797348605525,0.20757262932787066,1.2210811929464298e-07
2_intensidad_nb,c_sin_corredor_norte,log_pob,1.3669406224862826,1.108266409926914,1.6859905241794777,0.0034958258185698973
2_intensidad_nb,c_sin_corredor_norte,alpha,1.5953136508293055,1.4394991417513134,1.767993860299226,5.23262635426455e-19
2_intensidad_nb,d_solo_urbanas,Intercept,0.00011101132317717016,4.775838545825719e-06,0.002580387455584607,1.4042759100790599e-08
2_intensidad_nb,d_solo_urbanas,C(cuartil)[T.2],0.6990684454287136,0.21678985303923407,2.2542415364139536,0.5489685510237106
2_intensidad_nb,d_solo_urbanas,C(cuartil)[T.3],0.694507603289737,0.22448533802011245,2.1486517350368786,0.5269629098812127
2_intensidad_nb,d_solo_urbanas,C(cuartil)[T.4],0.4135656259335396,0.13448099479035178,1.2718267530697303,0.12345123735654366
2_intensidad_nb,d_solo_urbanas,C(cod_reg)[T.2],0.5045855068183233,0.17334263557297638,1.468805022200762,0.20957243406356274
2_intensidad_nb,d_solo_urbanas,C(cod_reg)[T.3],0.45582301318006035,0.12431446817553611,1.6713631357145409,0.2359602061447834
2_intensidad_nb,d_solo_urbanas,C(cod_reg)[T.4],0.18939267135019566,0.06822834373291124,0.525728487585444,0.0014017602188170616
2_intensidad_nb,d_solo_urbanas,C(cod_reg)[T.5],0.31528290396170694,0.13277973444553573,0.7486331400316266,0.008893770664685849
2_intensidad_nb,d_solo_urbanas,C(cod_reg)[T.6],0.24571173195928842,0.09541580218813893,0.6327490189034777,0.003634068784462116
2_intensidad_nb,d_solo_urbanas,C(cod_reg)[T.7],0.33525337571843816,0.12516323431368248,0.897985950482278,0.029704296606294922
2_intensidad_nb,d_solo_urbanas,C(cod_reg)[T.8],0.1596297043618612,0.06781138342547026,0.37577234422095834,2.6608617891739707e-05
2_intensidad_nb,d_solo_urbanas,C(cod_reg)[T.9],0.11294985145824647,0.036187289757882664,0.352545576908283,0.0001731982865804097
2_intensidad_nb,d_solo_urbanas,C(cod_reg)[T.10],0.23841934381659285,0.08180590072198678,0.6948616542847617,0.00861427548850183
2_intensidad_nb,d_solo_urbanas,C(cod_reg)[T.11],0.5079087882544149,0.13180148257531935,1.9572718921325307,0.32498310369662486
2_intensidad_nb,d_solo_urbanas,C(cod_reg)[T.12],0.2678430931296566,0.07232059403525962,0.9919708693527242,0.04860597432089898
2_intensidad_nb,d_solo_urbanas,C(cod_reg)[T.13],0.19927009310693014,0.09062480457457311,0.43816447597599306,6.0071188909577036e-05
2_intensidad_nb,d_solo_urbanas,C(cod_reg)[T.14],0.18784719808305944,0.04943010892737,0.713867935826409,0.014096889989951424
2_intensidad_nb,d_solo_urbanas,C(cod_reg)[T.15],0.6003725858383429,0.1534466340371781,2.349007158663948,0.46354668207583516
2_intensidad_nb,d_solo_urbanas,C(cod_reg)[T.16],0.14388480158142097,0.03783104732079252,0.5472445938536387,0.004448680455250124
2_intensidad_nb,d_solo_urbanas,log_pob,1.455625786362438,1.1380444421395532,1.8618310071791042,0.0027924270212038955
2_intensidad_nb,d_solo_urbanas,alpha,1.3358942936114748,1.222960651609943,1.459256731894343,1.3078290244852154e-10
